KEY,FREQ,REF_AREA,CURRENCY,PROVIDER_FM,INSTRUMENT_FM,PROVIDER_FM_ID,DATA_TYPE_FM,TIME_PERIOD,OBS_VALUE
FM.M.U2.EUR.RT.MM.EURIBOR3MD_.HSTA,M,U2,EUR,RT,MM,EURIBOR3MD_,HSTA,1994-01,6.91
FM.M.U2.EUR.RT.MM.EURIBOR3MD_.HSTA,M,U2,EUR,RT,MM,EURIBOR3MD_,HSTA,1994-02,6.86
FM.M.U2.EUR.RT.MM.EURIBOR3MD_.HSTA,M,U2,EUR,RT,MM,EURIBOR3MD_,HSTA,1994-03,6.75
FM.M.U2.EUR.RT.MM.EURIBOR3MD_.HSTA,M,U2,EUR,RT,MM,EURIBOR3MD_,HSTA,1994-04,6.57
FM.M.U2.EUR.RT.MM.EURIBOR3MD_.HSTA,M,U2,EUR,RT,MM,EURIBOR3MD_,HSTA,1994-05,6.24
FM.M.U2.EUR.RT.MM.EURIBOR3MD_.HSTA,M,U2,EUR,RT,MM,EURIBOR3MD_,HSTA,1994-06,6.3
FM.M.U2.EUR.RT.MM.EURIBOR3MD_.HSTA,M,U2,EUR,RT,MM,EURIBOR3MD_,HSTA,1994-07,6.34
FM.M.U2.EUR.RT.MM.EURIBOR3MD_.HSTA,M,U2,EUR,RT,MM,EURIBOR3MD_,HSTA,1994-08,6.43
FM.M.U2.EUR.RT.MM.EURIBOR3MD_.HSTA,M,U2,EUR,RT,MM,EURIBOR3MD_,HSTA,1994-09,6.38
FM.M.U2.EUR.RT.MM.EURIBOR3MD_.HSTA,M,U2,EUR,RT,MM,EURIBOR3MD_,HSTA,1994-10,6.43
FM.M.U2.EUR.RT.MM.EURIBOR3MD_.HSTA,M,U2,EUR,RT,MM,EURIBOR3MD_,HSTA,1994-11,6.4
FM.M.U2.EUR.RT.MM.EURIBOR3MD_.HSTA,M,U2,EUR,RT,MM,EURIBOR3MD_,HSTA,1994-12,6.69
FM.M.U2.EUR.RT.MM.EURIBOR3MD_.HSTA,M,U2,EUR,RT,MM,EURIBOR3MD_,HSTA,1995-01,6.66
FM.M.U2.EUR.RT.MM.EURIBOR3MD_.HSTA,M,U2,EUR,RT,MM,EURIBOR3MD_,HSTA,1995-02,6.59
FM.M.U2.EUR.RT.MM.EURIBOR3MD_.HSTA,M,U2,EUR,RT,MM,EURIBOR3MD_,HSTA,1995-03,7.58
FM.M.U2.EUR.RT.MM.EURIBOR3MD_.HSTA,M,U2,EUR,RT,MM,EURIBOR3MD_,HSTA,1995-04,7.29
FM.M.U2.EUR.RT.MM.EURIBOR3MD_.HSTA,M,U2,EUR,RT,MM,EURIBOR3MD_,HSTA,1995-05,7.04
FM.M.U2.EUR.RT.MM.EURIBOR3MD_.HSTA,M,U2,EUR,RT,MM,EURIBOR3MD_,HSTA,1995-06,7.08
FM.M.U2.EUR.RT.MM.EURIBOR3MD_.HSTA,M,U2,EUR,RT,MM,EURIBOR3MD_,HSTA,1995-07,6.92
FM.M.U2.EUR.RT.MM.EURIBOR3MD_.HSTA,M,U2,EUR,RT,MM,EURIBOR3MD_,HSTA,1995-08,6.66
FM.M.U2.EUR.RT.MM.EURIBOR3MD_.HSTA,M,U2,EUR,RT,MM,EURIBOR3MD_,HSTA,1995-09,6.5
FM.M.U2.EUR.RT.MM.EURIBOR3MD_.HSTA,M,U2,EUR,RT,MM,EURIBOR3MD_,HSTA,1995-10,6.75
FM.M.U2.EUR.RT.MM.EURIBOR3MD_.HSTA,M,U2,EUR,RT,MM,EURIBOR3MD_,HSTA,1995-11,6.45
FM.M.U2.EUR.RT.MM.EURIBOR3MD_.HSTA,M,U2,EUR,RT,MM,EURIBOR3MD_,HSTA,1995-12,6.32
FM.M.U2.EUR.RT.MM.EURIBOR3MD_.HSTA,M,U2,EUR,RT,MM,EURIBOR3MD_,HSTA,1996-01,5.81
FM.M.U2.EUR.RT.MM.EURIBOR3MD_.HSTA,M,U2,EUR,RT,MM,EURIBOR3MD_,HSTA,1996-02,5.58
FM.M.U2.EUR.RT.MM.EURIBOR3MD_.HSTA,M,U2,EUR,RT,MM,EURIBOR3MD_,HSTA,1996-03,5.5
FM.M.U2.EUR.RT.MM.EURIBOR3MD_.HSTA,M,U2,EUR,RT,MM,EURIBOR3MD_,HSTA,1996-04,5.27
FM.M.U2.EUR.RT.MM.EURIBOR3MD_.HSTA,M,U2,EUR,RT,MM,EURIBOR3MD_,HSTA,1996-05,5.06
FM.M.U2.EUR.RT.MM.EURIBOR3MD_.HSTA,M,U2,EUR,RT,MM,EURIBOR3MD_,HSTA,1996-06,5.08
FM.M.U2.EUR.RT.MM.EURIBOR3MD_.HSTA,M,U2,EUR,RT,MM,EURIBOR3MD_,HSTA,1996-07,5.06
FM.M.U2.EUR.RT.MM.EURIBOR3MD_.HSTA,M,U2,EUR,RT,MM,EURIBOR3MD_,HSTA,1996-08,5.08
FM.M.U2.EUR.RT.MM.EURIBOR3MD_.HSTA,M,U2,EUR,RT,MM,EURIBOR3MD_,HSTA,1996-09,4.86
FM.M.U2.EUR.RT.MM.EURIBOR3MD_.HSTA,M,U2,EUR,RT,MM,EURIBOR3MD_,HSTA,1996-10,4.69
FM.M.U2.EUR.RT.MM.EURIBOR3MD_.HSTA,M,U2,EUR,RT,MM,EURIBOR3MD_,HSTA,1996-11,4.57
FM.M.U2.EUR.RT.MM.EURIBOR3MD_.HSTA,M,U2,EUR,RT,MM,EURIBOR3MD_,HSTA,1996-12,4.5
FM.M.U2.EUR.RT.MM.EURIBOR3MD_.HSTA,M,U2,EUR,RT,MM,EURIBOR3MD_,HSTA,1997-01,4.39
FM.M.U2.EUR.RT.MM.EURIBOR3MD_.HSTA,M,U2,EUR,RT,MM,EURIBOR3MD_,HSTA,1997-02,4.43
FM.M.U2.EUR.RT.MM.EURIBOR3MD_.HSTA,M,U2,EUR,RT,MM,EURIBOR3MD_,HSTA,1997-03,4.5
FM.M.U2.EUR.RT.MM.EURIBOR3MD_.HSTA,M,U2,EUR,RT,MM,EURIBOR3MD_,HSTA,1997-04,4.39
FM.M.U2.EUR.RT.MM.EURIBOR3MD_.HSTA,M,U2,EUR,RT,MM,EURIBOR3MD_,HSTA,1997-05,4.3
FM.M.U2.EUR.RT.MM.EURIBOR3MD_.HSTA,M,U2,EUR,RT,MM,EURIBOR3MD_,HSTA,1997-06,4.29
FM.M.U2.EUR.RT.MM.EURIBOR3MD_.HSTA,M,U2,EUR,RT,MM,EURIBOR3MD_,HSTA,1997-07,4.3
FM.M.U2.EUR.RT.MM.EURIBOR3MD_.HSTA,M,U2,EUR,RT,MM,EURIBOR3MD_,HSTA,1997-08,4.36
FM.M.U2.EUR.RT.MM.EURIBOR3MD_.HSTA,M,U2,EUR,RT,MM,EURIBOR3MD_,HSTA,1997-09,4.31
FM.M.U2.EUR.RT.MM.EURIBOR3MD_.HSTA,M,U2,EUR,RT,MM,EURIBOR3MD_,HSTA,1997-10,4.44
FM.M.U2.EUR.RT.MM.EURIBOR3MD_.HSTA,M,U2,EUR,RT,MM,EURIBOR3MD_,HSTA,1997-11,4.49
FM.M.U2.EUR.RT.MM.EURIBOR3MD_.HSTA,M,U2,EUR,RT,MM,EURIBOR3MD_,HSTA,1997-12,4.37
FM.M.U2.EUR.RT.MM.EURIBOR3MD_.HSTA,M,U2,EUR,RT,MM,EURIBOR3MD_,HSTA,1998-01,4.26
FM.M.U2.EUR.RT.MM.EURIBOR3MD_.HSTA,M,U2,EUR,RT,MM,EURIBOR3MD_,HSTA,1998-02,4.24
FM.M.U2.EUR.RT.MM.EURIBOR3MD_.HSTA,M,U2,EUR,RT,MM,EURIBOR3MD_,HSTA,1998-03,4.11
FM.M.U2.EUR.RT.MM.EURIBOR3MD_.HSTA,M,U2,EUR,RT,MM,EURIBOR3MD_,HSTA,1998-04,4.09
FM.M.U2.EUR.RT.MM.EURIBOR3MD_.HSTA,M,U2,EUR,RT,MM,EURIBOR3MD_,HSTA,1998-05,4.06
FM.M.U2.EUR.RT.MM.EURIBOR3MD_.HSTA,M,U2,EUR,RT,MM,EURIBOR3MD_,HSTA,1998-06,4.02
FM.M.U2.EUR.RT.MM.EURIBOR3MD_.HSTA,M,U2,EUR,RT,MM,EURIBOR3MD_,HSTA,1998-07,3.95
FM.M.U2.EUR.RT.MM.EURIBOR3MD_.HSTA,M,U2,EUR,RT,MM,EURIBOR3MD_,HSTA,1998-08,3.93
FM.M.U2.EUR.RT.MM.EURIBOR3MD_.HSTA,M,U2,EUR,RT,MM,EURIBOR3MD_,HSTA,1998-09,3.93
FM.M.U2.EUR.RT.MM.EURIBOR3MD_.HSTA,M,U2,EUR,RT,MM,EURIBOR3MD_,HSTA,1998-10,3.81
FM.M.U2.EUR.RT.MM.EURIBOR3MD_.HSTA,M,U2,EUR,RT,MM,EURIBOR3MD_,HSTA,1998-11,3.69
FM.M.U2.EUR.RT.MM.EURIBOR3MD_.HSTA,M,U2,EUR,RT,MM,EURIBOR3MD_,HSTA,1998-12,3.37
FM.M.U2.EUR.RT.MM.EURIBOR3MD_.HSTA,M,U2,EUR,RT,MM,EURIBOR3MD_,HSTA,1999-01,3.1321
FM.M.U2.EUR.RT.MM.EURIBOR3MD_.HSTA,M,U2,EUR,RT,MM,EURIBOR3MD_,HSTA,1999-02,3.0934
FM.M.U2.EUR.RT.MM.EURIBOR3MD_.HSTA,M,U2,EUR,RT,MM,EURIBOR3MD_,HSTA,1999-03,3.0466957
FM.M.U2.EUR.RT.MM.EURIBOR3MD_.HSTA,M,U2,EUR,RT,MM,EURIBOR3MD_,HSTA,1999-04,2.6964545
FM.M.U2.EUR.RT.MM.EURIBOR3MD_.HSTA,M,U2,EUR,RT,MM,EURIBOR3MD_,HSTA,1999-05,2.5789524
FM.M.U2.EUR.RT.MM.EURIBOR3MD_.HSTA,M,U2,EUR,RT,MM,EURIBOR3MD_,HSTA,1999-06,2.6266818
FM.M.U2.EUR.RT.MM.EURIBOR3MD_.HSTA,M,U2,EUR,RT,MM,EURIBOR3MD_,HSTA,1999-07,2.6764545
FM.M.U2.EUR.RT.MM.EURIBOR3MD_.HSTA,M,U2,EUR,RT,MM,EURIBOR3MD_,HSTA,1999-08,2.6950455
FM.M.U2.EUR.RT.MM.EURIBOR3MD_.HSTA,M,U2,EUR,RT,MM,EURIBOR3MD_,HSTA,1999-09,2.7266818
FM.M.U2.EUR.RT.MM.EURIBOR3MD_.HSTA,M,U2,EUR,RT,MM,EURIBOR3MD_,HSTA,1999-10,3.3756667
FM.M.U2.EUR.RT.MM.EURIBOR3MD_.HSTA,M,U2,EUR,RT,MM,EURIBOR3MD_,HSTA,1999-11,3.4676818
FM.M.U2.EUR.RT.MM.EURIBOR3MD_.HSTA,M,U2,EUR,RT,MM,EURIBOR3MD_,HSTA,1999-12,3.4460455
FM.M.U2.EUR.RT.MM.EURIBOR3MD_.HSTA,M,U2,EUR,RT,MM,EURIBOR3MD_,HSTA,2000-01,3.3431429
FM.M.U2.EUR.RT.MM.EURIBOR3MD_.HSTA,M,U2,EUR,RT,MM,EURIBOR3MD_,HSTA,2000-02,3.5367619
FM.M.U2.EUR.RT.MM.EURIBOR3MD_.HSTA,M,U2,EUR,RT,MM,EURIBOR3MD_,HSTA,2000-03,3.7470435
FM.M.U2.EUR.RT.MM.EURIBOR3MD_.HSTA,M,U2,EUR,RT,MM,EURIBOR3MD_,HSTA,2000-04,3.9252778
FM.M.U2.EUR.RT.MM.EURIBOR3MD_.HSTA,M,U2,EUR,RT,MM,EURIBOR3MD_,HSTA,2000-05,4.3620455
FM.M.U2.EUR.RT.MM.EURIBOR3MD_.HSTA,M,U2,EUR,RT,MM,EURIBOR3MD_,HSTA,2000-06,4.5017273
FM.M.U2.EUR.RT.MM.EURIBOR3MD_.HSTA,M,U2,EUR,RT,MM,EURIBOR3MD_,HSTA,2000-07,4.5829048
FM.M.U2.EUR.RT.MM.EURIBOR3MD_.HSTA,M,U2,EUR,RT,MM,EURIBOR3MD_,HSTA,2000-08,4.777087
FM.M.U2.EUR.RT.MM.EURIBOR3MD_.HSTA,M,U2,EUR,RT,MM,EURIBOR3MD_,HSTA,2000-09,4.8528095
FM.M.U2.EUR.RT.MM.EURIBOR3MD_.HSTA,M,U2,EUR,RT,MM,EURIBOR3MD_,HSTA,2000-10,5.0412727
FM.M.U2.EUR.RT.MM.EURIBOR3MD_.HSTA,M,U2,EUR,RT,MM,EURIBOR3MD_,HSTA,2000-11,5.0919545
FM.M.U2.EUR.RT.MM.EURIBOR3MD_.HSTA,M,U2,EUR,RT,MM,EURIBOR3MD_,HSTA,2000-12,4.9391579
FM.M.U2.EUR.RT.MM.EURIBOR3MD_.HSTA,M,U2,EUR,RT,MM,EURIBOR3MD_,HSTA,2001-01,4.7707273
FM.M.U2.EUR.RT.MM.EURIBOR3MD_.HSTA,M,U2,EUR,RT,MM,EURIBOR3MD_,HSTA,2001-02,4.7558
FM.M.U2.EUR.RT.MM.EURIBOR3MD_.HSTA,M,U2,EUR,RT,MM,EURIBOR3MD_,HSTA,2001-03,4.7086364
FM.M.U2.EUR.RT.MM.EURIBOR3MD_.HSTA,M,U2,EUR,RT,MM,EURIBOR3MD_,HSTA,2001-04,4.682
FM.M.U2.EUR.RT.MM.EURIBOR3MD_.HSTA,M,U2,EUR,RT,MM,EURIBOR3MD_,HSTA,2001-05,4.6366818
FM.M.U2.EUR.RT.MM.EURIBOR3MD_.HSTA,M,U2,EUR,RT,MM,EURIBOR3MD_,HSTA,2001-06,4.4535714
FM.M.U2.EUR.RT.MM.EURIBOR3MD_.HSTA,M,U2,EUR,RT,MM,EURIBOR3MD_,HSTA,2001-07,4.4671364
FM.M.U2.EUR.RT.MM.EURIBOR3MD_.HSTA,M,U2,EUR,RT,MM,EURIBOR3MD_,HSTA,2001-08,4.3535217
FM.M.U2.EUR.RT.MM.EURIBOR3MD_.HSTA,M,U2,EUR,RT,MM,EURIBOR3MD_,HSTA,2001-09,3.98285
FM.M.U2.EUR.RT.MM.EURIBOR3MD_.HSTA,M,U2,EUR,RT,MM,EURIBOR3MD_,HSTA,2001-10,3.5998696
FM.M.U2.EUR.RT.MM.EURIBOR3MD_.HSTA,M,U2,EUR,RT,MM,EURIBOR3MD_,HSTA,2001-11,3.3856818
FM.M.U2.EUR.RT.MM.EURIBOR3MD_.HSTA,M,U2,EUR,RT,MM,EURIBOR3MD_,HSTA,2001-12,3.3448889
FM.M.U2.EUR.RT.MM.EURIBOR3MD_.HSTA,M,U2,EUR,RT,MM,EURIBOR3MD_,HSTA,2002-01,3.3387727
FM.M.U2.EUR.RT.MM.EURIBOR3MD_.HSTA,M,U2,EUR,RT,MM,EURIBOR3MD_,HSTA,2002-02,3.3571
FM.M.U2.EUR.RT.MM.EURIBOR3MD_.HSTA,M,U2,EUR,RT,MM,EURIBOR3MD_,HSTA,2002-03,3.3908
FM.M.U2.EUR.RT.MM.EURIBOR3MD_.HSTA,M,U2,EUR,RT,MM,EURIBOR3MD_,HSTA,2002-04,3.4069048
FM.M.U2.EUR.RT.MM.EURIBOR3MD_.HSTA,M,U2,EUR,RT,MM,EURIBOR3MD_,HSTA,2002-05,3.4671364
FM.M.U2.EUR.RT.MM.EURIBOR3MD_.HSTA,M,U2,EUR,RT,MM,EURIBOR3MD_,HSTA,2002-06,3.464
FM.M.U2.EUR.RT.MM.EURIBOR3MD_.HSTA,M,U2,EUR,RT,MM,EURIBOR3MD_,HSTA,2002-07,3.41
FM.M.U2.EUR.RT.MM.EURIBOR3MD_.HSTA,M,U2,EUR,RT,MM,EURIBOR3MD_,HSTA,2002-08,3.3519091
FM.M.U2.EUR.RT.MM.EURIBOR3MD_.HSTA,M,U2,EUR,RT,MM,EURIBOR3MD_,HSTA,2002-09,3.3101429
FM.M.U2.EUR.RT.MM.EURIBOR3MD_.HSTA,M,U2,EUR,RT,MM,EURIBOR3MD_,HSTA,2002-10,3.2612609
FM.M.U2.EUR.RT.MM.EURIBOR3MD_.HSTA,M,U2,EUR,RT,MM,EURIBOR3MD_,HSTA,2002-11,3.1241429
FM.M.U2.EUR.RT.MM.EURIBOR3MD_.HSTA,M,U2,EUR,RT,MM,EURIBOR3MD_,HSTA,2002-12,2.94105
FM.M.U2.EUR.RT.MM.EURIBOR3MD_.HSTA,M,U2,EUR,RT,MM,EURIBOR3MD_,HSTA,2003-01,2.8318182
FM.M.U2.EUR.RT.MM.EURIBOR3MD_.HSTA,M,U2,EUR,RT,MM,EURIBOR3MD_,HSTA,2003-02,2.68745
FM.M.U2.EUR.RT.MM.EURIBOR3MD_.HSTA,M,U2,EUR,RT,MM,EURIBOR3MD_,HSTA,2003-03,2.5299524
FM.M.U2.EUR.RT.MM.EURIBOR3MD_.HSTA,M,U2,EUR,RT,MM,EURIBOR3MD_,HSTA,2003-04,2.53335
FM.M.U2.EUR.RT.MM.EURIBOR3MD_.HSTA,M,U2,EUR,RT,MM,EURIBOR3MD_,HSTA,2003-05,2.4005238
FM.M.U2.EUR.RT.MM.EURIBOR3MD_.HSTA,M,U2,EUR,RT,MM,EURIBOR3MD_,HSTA,2003-06,2.1518571
FM.M.U2.EUR.RT.MM.EURIBOR3MD_.HSTA,M,U2,EUR,RT,MM,EURIBOR3MD_,HSTA,2003-07,2.1300435
FM.M.U2.EUR.RT.MM.EURIBOR3MD_.HSTA,M,U2,EUR,RT,MM,EURIBOR3MD_,HSTA,2003-08,2.1404286
FM.M.U2.EUR.RT.MM.EURIBOR3MD_.HSTA,M,U2,EUR,RT,MM,EURIBOR3MD_,HSTA,2003-09,2.1473182
FM.M.U2.EUR.RT.MM.EURIBOR3MD_.HSTA,M,U2,EUR,RT,MM,EURIBOR3MD_,HSTA,2003-10,2.1435652
FM.M.U2.EUR.RT.MM.EURIBOR3MD_.HSTA,M,U2,EUR,RT,MM,EURIBOR3MD_,HSTA,2003-11,2.15905
FM.M.U2.EUR.RT.MM.EURIBOR3MD_.HSTA,M,U2,EUR,RT,MM,EURIBOR3MD_,HSTA,2003-12,2.1463333
FM.M.U2.EUR.RT.MM.EURIBOR3MD_.HSTA,M,U2,EUR,RT,MM,EURIBOR3MD_,HSTA,2004-01,2.0894762
FM.M.U2.EUR.RT.MM.EURIBOR3MD_.HSTA,M,U2,EUR,RT,MM,EURIBOR3MD_,HSTA,2004-02,2.07055
FM.M.U2.EUR.RT.MM.EURIBOR3MD_.HSTA,M,U2,EUR,RT,MM,EURIBOR3MD_,HSTA,2004-03,2.0288261
FM.M.U2.EUR.RT.MM.EURIBOR3MD_.HSTA,M,U2,EUR,RT,MM,EURIBOR3MD_,HSTA,2004-04,2.04875
FM.M.U2.EUR.RT.MM.EURIBOR3MD_.HSTA,M,U2,EUR,RT,MM,EURIBOR3MD_,HSTA,2004-05,2.0858571
FM.M.U2.EUR.RT.MM.EURIBOR3MD_.HSTA,M,U2,EUR,RT,MM,EURIBOR3MD_,HSTA,2004-06,2.1126818
FM.M.U2.EUR.RT.MM.EURIBOR3MD_.HSTA,M,U2,EUR,RT,MM,EURIBOR3MD_,HSTA,2004-07,2.1160455
FM.M.U2.EUR.RT.MM.EURIBOR3MD_.HSTA,M,U2,EUR,RT,MM,EURIBOR3MD_,HSTA,2004-08,2.1142727
FM.M.U2.EUR.RT.MM.EURIBOR3MD_.HSTA,M,U2,EUR,RT,MM,EURIBOR3MD_,HSTA,2004-09,2.1185909
FM.M.U2.EUR.RT.MM.EURIBOR3MD_.HSTA,M,U2,EUR,RT,MM,EURIBOR3MD_,HSTA,2004-10,2.1473333
FM.M.U2.EUR.RT.MM.EURIBOR3MD_.HSTA,M,U2,EUR,RT,MM,EURIBOR3MD_,HSTA,2004-11,2.1703182
FM.M.U2.EUR.RT.MM.EURIBOR3MD_.HSTA,M,U2,EUR,RT,MM,EURIBOR3MD_,HSTA,2004-12,2.1731739
FM.M.U2.EUR.RT.MM.EURIBOR3MD_.HSTA,M,U2,EUR,RT,MM,EURIBOR3MD_,HSTA,2005-01,2.1454286
FM.M.U2.EUR.RT.MM.EURIBOR3MD_.HSTA,M,U2,EUR,RT,MM,EURIBOR3MD_,HSTA,2005-02,2.13835
FM.M.U2.EUR.RT.MM.EURIBOR3MD_.HSTA,M,U2,EUR,RT,MM,EURIBOR3MD_,HSTA,2005-03,2.1371905
FM.M.U2.EUR.RT.MM.EURIBOR3MD_.HSTA,M,U2,EUR,RT,MM,EURIBOR3MD_,HSTA,2005-04,2.1372381
FM.M.U2.EUR.RT.MM.EURIBOR3MD_.HSTA,M,U2,EUR,RT,MM,EURIBOR3MD_,HSTA,2005-05,2.1256364
FM.M.U2.EUR.RT.MM.EURIBOR3MD_.HSTA,M,U2,EUR,RT,MM,EURIBOR3MD_,HSTA,2005-06,2.1110455
FM.M.U2.EUR.RT.MM.EURIBOR3MD_.HSTA,M,U2,EUR,RT,MM,EURIBOR3MD_,HSTA,2005-07,2.1194286
FM.M.U2.EUR.RT.MM.EURIBOR3MD_.HSTA,M,U2,EUR,RT,MM,EURIBOR3MD_,HSTA,2005-08,2.1324783
FM.M.U2.EUR.RT.MM.EURIBOR3MD_.HSTA,M,U2,EUR,RT,MM,EURIBOR3MD_,HSTA,2005-09,2.1391364
FM.M.U2.EUR.RT.MM.EURIBOR3MD_.HSTA,M,U2,EUR,RT,MM,EURIBOR3MD_,HSTA,2005-10,2.196619
FM.M.U2.EUR.RT.MM.EURIBOR3MD_.HSTA,M,U2,EUR,RT,MM,EURIBOR3MD_,HSTA,2005-11,2.3608636
FM.M.U2.EUR.RT.MM.EURIBOR3MD_.HSTA,M,U2,EUR,RT,MM,EURIBOR3MD_,HSTA,2005-12,2.4728571
FM.M.U2.EUR.RT.MM.EURIBOR3MD_.HSTA,M,U2,EUR,RT,MM,EURIBOR3MD_,HSTA,2006-01,2.5116818
FM.M.U2.EUR.RT.MM.EURIBOR3MD_.HSTA,M,U2,EUR,RT,MM,EURIBOR3MD_,HSTA,2006-02,2.60035
FM.M.U2.EUR.RT.MM.EURIBOR3MD_.HSTA,M,U2,EUR,RT,MM,EURIBOR3MD_,HSTA,2006-03,2.7226087
FM.M.U2.EUR.RT.MM.EURIBOR3MD_.HSTA,M,U2,EUR,RT,MM,EURIBOR3MD_,HSTA,2006-04,2.7937778
FM.M.U2.EUR.RT.MM.EURIBOR3MD_.HSTA,M,U2,EUR,RT,MM,EURIBOR3MD_,HSTA,2006-05,2.889
FM.M.U2.EUR.RT.MM.EURIBOR3MD_.HSTA,M,U2,EUR,RT,MM,EURIBOR3MD_,HSTA,2006-06,2.9856818
FM.M.U2.EUR.RT.MM.EURIBOR3MD_.HSTA,M,U2,EUR,RT,MM,EURIBOR3MD_,HSTA,2006-07,3.1021905
FM.M.U2.EUR.RT.MM.EURIBOR3MD_.HSTA,M,U2,EUR,RT,MM,EURIBOR3MD_,HSTA,2006-08,3.2264783
FM.M.U2.EUR.RT.MM.EURIBOR3MD_.HSTA,M,U2,EUR,RT,MM,EURIBOR3MD_,HSTA,2006-09,3.335381
FM.M.U2.EUR.RT.MM.EURIBOR3MD_.HSTA,M,U2,EUR,RT,MM,EURIBOR3MD_,HSTA,2006-10,3.502
FM.M.U2.EUR.RT.MM.EURIBOR3MD_.HSTA,M,U2,EUR,RT,MM,EURIBOR3MD_,HSTA,2006-11,3.5971818
FM.M.U2.EUR.RT.MM.EURIBOR3MD_.HSTA,M,U2,EUR,RT,MM,EURIBOR3MD_,HSTA,2006-12,3.6842105
FM.M.U2.EUR.RT.MM.EURIBOR3MD_.HSTA,M,U2,EUR,RT,MM,EURIBOR3MD_,HSTA,2007-01,3.7518636
FM.M.U2.EUR.RT.MM.EURIBOR3MD_.HSTA,M,U2,EUR,RT,MM,EURIBOR3MD_,HSTA,2007-02,3.8182
FM.M.U2.EUR.RT.MM.EURIBOR3MD_.HSTA,M,U2,EUR,RT,MM,EURIBOR3MD_,HSTA,2007-03,3.8909091
FM.M.U2.EUR.RT.MM.EURIBOR3MD_.HSTA,M,U2,EUR,RT,MM,EURIBOR3MD_,HSTA,2007-04,3.9752632
FM.M.U2.EUR.RT.MM.EURIBOR3MD_.HSTA,M,U2,EUR,RT,MM,EURIBOR3MD_,HSTA,2007-05,4.0713636
FM.M.U2.EUR.RT.MM.EURIBOR3MD_.HSTA,M,U2,EUR,RT,MM,EURIBOR3MD_,HSTA,2007-06,4.1477619
FM.M.U2.EUR.RT.MM.EURIBOR3MD_.HSTA,M,U2,EUR,RT,MM,EURIBOR3MD_,HSTA,2007-07,4.2161818
FM.M.U2.EUR.RT.MM.EURIBOR3MD_.HSTA,M,U2,EUR,RT,MM,EURIBOR3MD_,HSTA,2007-08,4.5436087
FM.M.U2.EUR.RT.MM.EURIBOR3MD_.HSTA,M,U2,EUR,RT,MM,EURIBOR3MD_,HSTA,2007-09,4.7417
FM.M.U2.EUR.RT.MM.EURIBOR3MD_.HSTA,M,U2,EUR,RT,MM,EURIBOR3MD_,HSTA,2007-10,4.6873913
FM.M.U2.EUR.RT.MM.EURIBOR3MD_.HSTA,M,U2,EUR,RT,MM,EURIBOR3MD_,HSTA,2007-11,4.6385455
FM.M.U2.EUR.RT.MM.EURIBOR3MD_.HSTA,M,U2,EUR,RT,MM,EURIBOR3MD_,HSTA,2007-12,4.8483684
FM.M.U2.EUR.RT.MM.EURIBOR3MD_.HSTA,M,U2,EUR,RT,MM,EURIBOR3MD_,HSTA,2008-01,4.4815455
FM.M.U2.EUR.RT.MM.EURIBOR3MD_.HSTA,M,U2,EUR,RT,MM,EURIBOR3MD_,HSTA,2008-02,4.3620952
FM.M.U2.EUR.RT.MM.EURIBOR3MD_.HSTA,M,U2,EUR,RT,MM,EURIBOR3MD_,HSTA,2008-03,4.5963684
FM.M.U2.EUR.RT.MM.EURIBOR3MD_.HSTA,M,U2,EUR,RT,MM,EURIBOR3MD_,HSTA,2008-04,4.7835
FM.M.U2.EUR.RT.MM.EURIBOR3MD_.HSTA,M,U2,EUR,RT,MM,EURIBOR3MD_,HSTA,2008-05,4.857381
FM.M.U2.EUR.RT.MM.EURIBOR3MD_.HSTA,M,U2,EUR,RT,MM,EURIBOR3MD_,HSTA,2008-06,4.9405238
FM.M.U2.EUR.RT.MM.EURIBOR3MD_.HSTA,M,U2,EUR,RT,MM,EURIBOR3MD_,HSTA,2008-07,4.961
FM.M.U2.EUR.RT.MM.EURIBOR3MD_.HSTA,M,U2,EUR,RT,MM,EURIBOR3MD_,HSTA,2008-08,4.9651905
FM.M.U2.EUR.RT.MM.EURIBOR3MD_.HSTA,M,U2,EUR,RT,MM,EURIBOR3MD_,HSTA,2008-09,5.0191818
FM.M.U2.EUR.RT.MM.EURIBOR3MD_.HSTA,M,U2,EUR,RT,MM,EURIBOR3MD_,HSTA,2008-10,5.113087
FM.M.U2.EUR.RT.MM.EURIBOR3MD_.HSTA,M,U2,EUR,RT,MM,EURIBOR3MD_,HSTA,2008-11,4.2383
FM.M.U2.EUR.RT.MM.EURIBOR3MD_.HSTA,M,U2,EUR,RT,MM,EURIBOR3MD_,HSTA,2008-12,3.292619
FM.M.U2.EUR.RT.MM.EURIBOR3MD_.HSTA,M,U2,EUR,RT,MM,EURIBOR3MD_,HSTA,2009-01,2.4565238
FM.M.U2.EUR.RT.MM.EURIBOR3MD_.HSTA,M,U2,EUR,RT,MM,EURIBOR3MD_,HSTA,2009-02,1.94305
FM.M.U2.EUR.RT.MM.EURIBOR3MD_.HSTA,M,U2,EUR,RT,MM,EURIBOR3MD_,HSTA,2009-03,1.6354545
FM.M.U2.EUR.RT.MM.EURIBOR3MD_.HSTA,M,U2,EUR,RT,MM,EURIBOR3MD_,HSTA,2009-04,1.4223
FM.M.U2.EUR.RT.MM.EURIBOR3MD_.HSTA,M,U2,EUR,RT,MM,EURIBOR3MD_,HSTA,2009-05,1.2817
FM.M.U2.EUR.RT.MM.EURIBOR3MD_.HSTA,M,U2,EUR,RT,MM,EURIBOR3MD_,HSTA,2009-06,1.2279091
FM.M.U2.EUR.RT.MM.EURIBOR3MD_.HSTA,M,U2,EUR,RT,MM,EURIBOR3MD_,HSTA,2009-07,0.9749565
FM.M.U2.EUR.RT.MM.EURIBOR3MD_.HSTA,M,U2,EUR,RT,MM,EURIBOR3MD_,HSTA,2009-08,0.8604762
FM.M.U2.EUR.RT.MM.EURIBOR3MD_.HSTA,M,U2,EUR,RT,MM,EURIBOR3MD_,HSTA,2009-09,0.7720909
FM.M.U2.EUR.RT.MM.EURIBOR3MD_.HSTA,M,U2,EUR,RT,MM,EURIBOR3MD_,HSTA,2009-10,0.7375
FM.M.U2.EUR.RT.MM.EURIBOR3MD_.HSTA,M,U2,EUR,RT,MM,EURIBOR3MD_,HSTA,2009-11,0.7161905
FM.M.U2.EUR.RT.MM.EURIBOR3MD_.HSTA,M,U2,EUR,RT,MM,EURIBOR3MD_,HSTA,2009-12,0.7120455
FM.M.U2.EUR.RT.MM.EURIBOR3MD_.HSTA,M,U2,EUR,RT,MM,EURIBOR3MD_,HSTA,2010-01,0.67975
FM.M.U2.EUR.RT.MM.EURIBOR3MD_.HSTA,M,U2,EUR,RT,MM,EURIBOR3MD_,HSTA,2010-02,0.6617
FM.M.U2.EUR.RT.MM.EURIBOR3MD_.HSTA,M,U2,EUR,RT,MM,EURIBOR3MD_,HSTA,2010-03,0.6449565
FM.M.U2.EUR.RT.MM.EURIBOR3MD_.HSTA,M,U2,EUR,RT,MM,EURIBOR3MD_,HSTA,2010-04,0.6447
FM.M.U2.EUR.RT.MM.EURIBOR3MD_.HSTA,M,U2,EUR,RT,MM,EURIBOR3MD_,HSTA,2010-05,0.6865238
FM.M.U2.EUR.RT.MM.EURIBOR3MD_.HSTA,M,U2,EUR,RT,MM,EURIBOR3MD_,HSTA,2010-06,0.7275909
FM.M.U2.EUR.RT.MM.EURIBOR3MD_.HSTA,M,U2,EUR,RT,MM,EURIBOR3MD_,HSTA,2010-07,0.8488182
FM.M.U2.EUR.RT.MM.EURIBOR3MD_.HSTA,M,U2,EUR,RT,MM,EURIBOR3MD_,HSTA,2010-08,0.8955
FM.M.U2.EUR.RT.MM.EURIBOR3MD_.HSTA,M,U2,EUR,RT,MM,EURIBOR3MD_,HSTA,2010-09,0.8805
FM.M.U2.EUR.RT.MM.EURIBOR3MD_.HSTA,M,U2,EUR,RT,MM,EURIBOR3MD_,HSTA,2010-10,0.9976667
FM.M.U2.EUR.RT.MM.EURIBOR3MD_.HSTA,M,U2,EUR,RT,MM,EURIBOR3MD_,HSTA,2010-11,1.0420455
FM.M.U2.EUR.RT.MM.EURIBOR3MD_.HSTA,M,U2,EUR,RT,MM,EURIBOR3MD_,HSTA,2010-12,1.0216957
FM.M.U2.EUR.RT.MM.EURIBOR3MD_.HSTA,M,U2,EUR,RT,MM,EURIBOR3MD_,HSTA,2011-01,1.0172381
FM.M.U2.EUR.RT.MM.EURIBOR3MD_.HSTA,M,U2,EUR,RT,MM,EURIBOR3MD_,HSTA,2011-02,1.08675
FM.M.U2.EUR.RT.MM.EURIBOR3MD_.HSTA,M,U2,EUR,RT,MM,EURIBOR3MD_,HSTA,2011-03,1.1755217
FM.M.U2.EUR.RT.MM.EURIBOR3MD_.HSTA,M,U2,EUR,RT,MM,EURIBOR3MD_,HSTA,2011-04,1.3212105
FM.M.U2.EUR.RT.MM.EURIBOR3MD_.HSTA,M,U2,EUR,RT,MM,EURIBOR3MD_,HSTA,2011-05,1.4250909
FM.M.U2.EUR.RT.MM.EURIBOR3MD_.HSTA,M,U2,EUR,RT,MM,EURIBOR3MD_,HSTA,2011-06,1.4885909
FM.M.U2.EUR.RT.MM.EURIBOR3MD_.HSTA,M,U2,EUR,RT,MM,EURIBOR3MD_,HSTA,2011-07,1.597619
FM.M.U2.EUR.RT.MM.EURIBOR3MD_.HSTA,M,U2,EUR,RT,MM,EURIBOR3MD_,HSTA,2011-08,1.552087
FM.M.U2.EUR.RT.MM.EURIBOR3MD_.HSTA,M,U2,EUR,RT,MM,EURIBOR3MD_,HSTA,2011-09,1.5364545
FM.M.U2.EUR.RT.MM.EURIBOR3MD_.HSTA,M,U2,EUR,RT,MM,EURIBOR3MD_,HSTA,2011-10,1.5758571
FM.M.U2.EUR.RT.MM.EURIBOR3MD_.HSTA,M,U2,EUR,RT,MM,EURIBOR3MD_,HSTA,2011-11,1.4846818
FM.M.U2.EUR.RT.MM.EURIBOR3MD_.HSTA,M,U2,EUR,RT,MM,EURIBOR3MD_,HSTA,2011-12,1.4260952
FM.M.U2.EUR.RT.MM.EURIBOR3MD_.HSTA,M,U2,EUR,RT,MM,EURIBOR3MD_,HSTA,2012-01,1.2222273
FM.M.U2.EUR.RT.MM.EURIBOR3MD_.HSTA,M,U2,EUR,RT,MM,EURIBOR3MD_,HSTA,2012-02,1.0482857
FM.M.U2.EUR.RT.MM.EURIBOR3MD_.HSTA,M,U2,EUR,RT,MM,EURIBOR3MD_,HSTA,2012-03,0.8584545
FM.M.U2.EUR.RT.MM.EURIBOR3MD_.HSTA,M,U2,EUR,RT,MM,EURIBOR3MD_,HSTA,2012-04,0.7443158
FM.M.U2.EUR.RT.MM.EURIBOR3MD_.HSTA,M,U2,EUR,RT,MM,EURIBOR3MD_,HSTA,2012-05,0.6849091
FM.M.U2.EUR.RT.MM.EURIBOR3MD_.HSTA,M,U2,EUR,RT,MM,EURIBOR3MD_,HSTA,2012-06,0.6588571
FM.M.U2.EUR.RT.MM.EURIBOR3MD_.HSTA,M,U2,EUR,RT,MM,EURIBOR3MD_,HSTA,2012-07,0.4970455
FM.M.U2.EUR.RT.MM.EURIBOR3MD_.HSTA,M,U2,EUR,RT,MM,EURIBOR3MD_,HSTA,2012-08,0.3323913
FM.M.U2.EUR.RT.MM.EURIBOR3MD_.HSTA,M,U2,EUR,RT,MM,EURIBOR3MD_,HSTA,2012-09,0.2463
FM.M.U2.EUR.RT.MM.EURIBOR3MD_.HSTA,M,U2,EUR,RT,MM,EURIBOR3MD_,HSTA,2012-10,0.207913
FM.M.U2.EUR.RT.MM.EURIBOR3MD_.HSTA,M,U2,EUR,RT,MM,EURIBOR3MD_,HSTA,2012-11,0.192
FM.M.U2.EUR.RT.MM.EURIBOR3MD_.HSTA,M,U2,EUR,RT,MM,EURIBOR3MD_,HSTA,2012-12,0.1854737
FM.M.U2.EUR.RT.MM.EURIBOR3MD_.HSTA,M,U2,EUR,RT,MM,EURIBOR3MD_,HSTA,2013-01,0.2049091
FM.M.U2.EUR.RT.MM.EURIBOR3MD_.HSTA,M,U2,EUR,RT,MM,EURIBOR3MD_,HSTA,2013-02,0.22335
FM.M.U2.EUR.RT.MM.EURIBOR3MD_.HSTA,M,U2,EUR,RT,MM,EURIBOR3MD_,HSTA,2013-03,0.20605
FM.M.U2.EUR.RT.MM.EURIBOR3MD_.HSTA,M,U2,EUR,RT,MM,EURIBOR3MD_,HSTA,2013-04,0.2089048
FM.M.U2.EUR.RT.MM.EURIBOR3MD_.HSTA,M,U2,EUR,RT,MM,EURIBOR3MD_,HSTA,2013-05,0.2012273
FM.M.U2.EUR.RT.MM.EURIBOR3MD_.HSTA,M,U2,EUR,RT,MM,EURIBOR3MD_,HSTA,2013-06,0.21025
FM.M.U2.EUR.RT.MM.EURIBOR3MD_.HSTA,M,U2,EUR,RT,MM,EURIBOR3MD_,HSTA,2013-07,0.2214348
FM.M.U2.EUR.RT.MM.EURIBOR3MD_.HSTA,M,U2,EUR,RT,MM,EURIBOR3MD_,HSTA,2013-08,0.2258636
FM.M.U2.EUR.RT.MM.EURIBOR3MD_.HSTA,M,U2,EUR,RT,MM,EURIBOR3MD_,HSTA,2013-09,0.2232381
FM.M.U2.EUR.RT.MM.EURIBOR3MD_.HSTA,M,U2,EUR,RT,MM,EURIBOR3MD_,HSTA,2013-10,0.2258261
FM.M.U2.EUR.RT.MM.EURIBOR3MD_.HSTA,M,U2,EUR,RT,MM,EURIBOR3MD_,HSTA,2013-11,0.223381
FM.M.U2.EUR.RT.MM.EURIBOR3MD_.HSTA,M,U2,EUR,RT,MM,EURIBOR3MD_,HSTA,2013-12,0.2735
FM.M.U2.EUR.RT.MM.EURIBOR3MD_.HSTA,M,U2,EUR,RT,MM,EURIBOR3MD_,HSTA,2014-01,0.2920455
FM.M.U2.EUR.RT.MM.EURIBOR3MD_.HSTA,M,U2,EUR,RT,MM,EURIBOR3MD_,HSTA,2014-02,0.2881
FM.M.U2.EUR.RT.MM.EURIBOR3MD_.HSTA,M,U2,EUR,RT,MM,EURIBOR3MD_,HSTA,2014-03,0.3053333
FM.M.U2.EUR.RT.MM.EURIBOR3MD_.HSTA,M,U2,EUR,RT,MM,EURIBOR3MD_,HSTA,2014-04,0.32975
FM.M.U2.EUR.RT.MM.EURIBOR3MD_.HSTA,M,U2,EUR,RT,MM,EURIBOR3MD_,HSTA,2014-05,0.3245714
FM.M.U2.EUR.RT.MM.EURIBOR3MD_.HSTA,M,U2,EUR,RT,MM,EURIBOR3MD_,HSTA,2014-06,0.2414286
FM.M.U2.EUR.RT.MM.EURIBOR3MD_.HSTA,M,U2,EUR,RT,MM,EURIBOR3MD_,HSTA,2014-07,0.2050435
FM.M.U2.EUR.RT.MM.EURIBOR3MD_.HSTA,M,U2,EUR,RT,MM,EURIBOR3MD_,HSTA,2014-08,0.1915714
FM.M.U2.EUR.RT.MM.EURIBOR3MD_.HSTA,M,U2,EUR,RT,MM,EURIBOR3MD_,HSTA,2014-09,0.0970909
FM.M.U2.EUR.RT.MM.EURIBOR3MD_.HSTA,M,U2,EUR,RT,MM,EURIBOR3MD_,HSTA,2014-10,0.0826087
FM.M.U2.EUR.RT.MM.EURIBOR3MD_.HSTA,M,U2,EUR,RT,MM,EURIBOR3MD_,HSTA,2014-11,0.0809
FM.M.U2.EUR.RT.MM.EURIBOR3MD_.HSTA,M,U2,EUR,RT,MM,EURIBOR3MD_,HSTA,2014-12,0.0809048
FM.M.U2.EUR.RT.MM.EURIBOR3MD_.HSTA,M,U2,EUR,RT,MM,EURIBOR3MD_,HSTA,2015-01,0.0626667
FM.M.U2.EUR.RT.MM.EURIBOR3MD_.HSTA,M,U2,EUR,RT,MM,EURIBOR3MD_,HSTA,2015-02,0.0482
FM.M.U2.EUR.RT.MM.EURIBOR3MD_.HSTA,M,U2,EUR,RT,MM,EURIBOR3MD_,HSTA,2015-03,0.0271818
FM.M.U2.EUR.RT.MM.EURIBOR3MD_.HSTA,M,U2,EUR,RT,MM,EURIBOR3MD_,HSTA,2015-04,0.0047
FM.M.U2.EUR.RT.MM.EURIBOR3MD_.HSTA,M,U2,EUR,RT,MM,EURIBOR3MD_,HSTA,2015-05,-0.0103684
FM.M.U2.EUR.RT.MM.EURIBOR3MD_.HSTA,M,U2,EUR,RT,MM,EURIBOR3MD_,HSTA,2015-06,-0.0139091
FM.M.U2.EUR.RT.MM.EURIBOR3MD_.HSTA,M,U2,EUR,RT,MM,EURIBOR3MD_,HSTA,2015-07,-0.0187391
FM.M.U2.EUR.RT.MM.EURIBOR3MD_.HSTA,M,U2,EUR,RT,MM,EURIBOR3MD_,HSTA,2015-08,-0.0276667
FM.M.U2.EUR.RT.MM.EURIBOR3MD_.HSTA,M,U2,EUR,RT,MM,EURIBOR3MD_,HSTA,2015-09,-0.0370455
FM.M.U2.EUR.RT.MM.EURIBOR3MD_.HSTA,M,U2,EUR,RT,MM,EURIBOR3MD_,HSTA,2015-10,-0.0535909
FM.M.U2.EUR.RT.MM.EURIBOR3MD_.HSTA,M,U2,EUR,RT,MM,EURIBOR3MD_,HSTA,2015-11,-0.087619
FM.M.U2.EUR.RT.MM.EURIBOR3MD_.HSTA,M,U2,EUR,RT,MM,EURIBOR3MD_,HSTA,2015-12,-0.1263182
FM.M.U2.EUR.RT.MM.EURIBOR3MD_.HSTA,M,U2,EUR,RT,MM,EURIBOR3MD_,HSTA,2016-01,-0.14615
FM.M.U2.EUR.RT.MM.EURIBOR3MD_.HSTA,M,U2,EUR,RT,MM,EURIBOR3MD_,HSTA,2016-02,-0.1835714
FM.M.U2.EUR.RT.MM.EURIBOR3MD_.HSTA,M,U2,EUR,RT,MM,EURIBOR3MD_,HSTA,2016-03,-0.2285238
FM.M.U2.EUR.RT.MM.EURIBOR3MD_.HSTA,M,U2,EUR,RT,MM,EURIBOR3MD_,HSTA,2016-04,-0.2491905
FM.M.U2.EUR.RT.MM.EURIBOR3MD_.HSTA,M,U2,EUR,RT,MM,EURIBOR3MD_,HSTA,2016-05,-0.2571818
FM.M.U2.EUR.RT.MM.EURIBOR3MD_.HSTA,M,U2,EUR,RT,MM,EURIBOR3MD_,HSTA,2016-06,-0.2679091
FM.M.U2.EUR.RT.MM.EURIBOR3MD_.HSTA,M,U2,EUR,RT,MM,EURIBOR3MD_,HSTA,2016-07,-0.2945238
FM.M.U2.EUR.RT.MM.EURIBOR3MD_.HSTA,M,U2,EUR,RT,MM,EURIBOR3MD_,HSTA,2016-08,-0.2982174
FM.M.U2.EUR.RT.MM.EURIBOR3MD_.HSTA,M,U2,EUR,RT,MM,EURIBOR3MD_,HSTA,2016-09,-0.3016364
FM.M.U2.EUR.RT.MM.EURIBOR3MD_.HSTA,M,U2,EUR,RT,MM,EURIBOR3MD_,HSTA,2016-10,-0.309
FM.M.U2.EUR.RT.MM.EURIBOR3MD_.HSTA,M,U2,EUR,RT,MM,EURIBOR3MD_,HSTA,2016-11,-0.3126818
FM.M.U2.EUR.RT.MM.EURIBOR3MD_.HSTA,M,U2,EUR,RT,MM,EURIBOR3MD_,HSTA,2016-12,-0.3157619
FM.M.U2.EUR.RT.MM.EURIBOR3MD_.HSTA,M,U2,EUR,RT,MM,EURIBOR3MD_,HSTA,2017-01,-0.3255455
FM.M.U2.EUR.RT.MM.EURIBOR3MD_.HSTA,M,U2,EUR,RT,MM,EURIBOR3MD_,HSTA,2017-02,-0.3286
FM.M.U2.EUR.RT.MM.EURIBOR3MD_.HSTA,M,U2,EUR,RT,MM,EURIBOR3MD_,HSTA,2017-03,-0.3293478
FM.M.U2.EUR.RT.MM.EURIBOR3MD_.HSTA,M,U2,EUR,RT,MM,EURIBOR3MD_,HSTA,2017-04,-0.3303889
FM.M.U2.EUR.RT.MM.EURIBOR3MD_.HSTA,M,U2,EUR,RT,MM,EURIBOR3MD_,HSTA,2017-05,-0.3294545
FM.M.U2.EUR.RT.MM.EURIBOR3MD_.HSTA,M,U2,EUR,RT,MM,EURIBOR3MD_,HSTA,2017-06,-0.33
FM.M.U2.EUR.RT.MM.EURIBOR3MD_.HSTA,M,U2,EUR,RT,MM,EURIBOR3MD_,HSTA,2017-07,-0.3304286
FM.M.U2.EUR.RT.MM.EURIBOR3MD_.HSTA,M,U2,EUR,RT,MM,EURIBOR3MD_,HSTA,2017-08,-0.329087
FM.M.U2.EUR.RT.MM.EURIBOR3MD_.HSTA,M,U2,EUR,RT,MM,EURIBOR3MD_,HSTA,2017-09,-0.329381
FM.M.U2.EUR.RT.MM.EURIBOR3MD_.HSTA,M,U2,EUR,RT,MM,EURIBOR3MD_,HSTA,2017-10,-0.3295455
FM.M.U2.EUR.RT.MM.EURIBOR3MD_.HSTA,M,U2,EUR,RT,MM,EURIBOR3MD_,HSTA,2017-11,-0.329
FM.M.U2.EUR.RT.MM.EURIBOR3MD_.HSTA,M,U2,EUR,RT,MM,EURIBOR3MD_,HSTA,2017-12,-0.3278947
FM.M.U2.EUR.RT.MM.EURIBOR3MD_.HSTA,M,U2,EUR,RT,MM,EURIBOR3MD_,HSTA,2018-01,-0.3284545
FM.M.U2.EUR.RT.MM.EURIBOR3MD_.HSTA,M,U2,EUR,RT,MM,EURIBOR3MD_,HSTA,2018-02,-0.3285
FM.M.U2.EUR.RT.MM.EURIBOR3MD_.HSTA,M,U2,EUR,RT,MM,EURIBOR3MD_,HSTA,2018-03,-0.3279048
FM.M.U2.EUR.RT.MM.EURIBOR3MD_.HSTA,M,U2,EUR,RT,MM,EURIBOR3MD_,HSTA,2018-04,-0.32845
FM.M.U2.EUR.RT.MM.EURIBOR3MD_.HSTA,M,U2,EUR,RT,MM,EURIBOR3MD_,HSTA,2018-05,-0.3252273
FM.M.U2.EUR.RT.MM.EURIBOR3MD_.HSTA,M,U2,EUR,RT,MM,EURIBOR3MD_,HSTA,2018-06,-0.3220476
FM.M.U2.EUR.RT.MM.EURIBOR3MD_.HSTA,M,U2,EUR,RT,MM,EURIBOR3MD_,HSTA,2018-07,-0.3207273
FM.M.U2.EUR.RT.MM.EURIBOR3MD_.HSTA,M,U2,EUR,RT,MM,EURIBOR3MD_,HSTA,2018-08,-0.319
FM.M.U2.EUR.RT.MM.EURIBOR3MD_.HSTA,M,U2,EUR,RT,MM,EURIBOR3MD_,HSTA,2018-09,-0.31885
FM.M.U2.EUR.RT.MM.EURIBOR3MD_.HSTA,M,U2,EUR,RT,MM,EURIBOR3MD_,HSTA,2018-10,-0.3176957
FM.M.U2.EUR.RT.MM.EURIBOR3MD_.HSTA,M,U2,EUR,RT,MM,EURIBOR3MD_,HSTA,2018-11,-0.3163636
FM.M.U2.EUR.RT.MM.EURIBOR3MD_.HSTA,M,U2,EUR,RT,MM,EURIBOR3MD_,HSTA,2018-12,-0.3118947
FM.M.U2.EUR.RT.MM.EURIBOR3MD_.HSTA,M,U2,EUR,RT,MM,EURIBOR3MD_,HSTA,2019-01,-0.308
FM.M.U2.EUR.RT.MM.EURIBOR3MD_.HSTA,M,U2,EUR,RT,MM,EURIBOR3MD_,HSTA,2019-02,-0.30845
FM.M.U2.EUR.RT.MM.EURIBOR3MD_.HSTA,M,U2,EUR,RT,MM,EURIBOR3MD_,HSTA,2019-03,-0.3091905
FM.M.U2.EUR.RT.MM.EURIBOR3MD_.HSTA,M,U2,EUR,RT,MM,EURIBOR3MD_,HSTA,2019-04,-0.31045
FM.M.U2.EUR.RT.MM.EURIBOR3MD_.HSTA,M,U2,EUR,RT,MM,EURIBOR3MD_,HSTA,2019-05,-0.3118636
FM.M.U2.EUR.RT.MM.EURIBOR3MD_.HSTA,M,U2,EUR,RT,MM,EURIBOR3MD_,HSTA,2019-06,-0.3289
FM.M.U2.EUR.RT.MM.EURIBOR3MD_.HSTA,M,U2,EUR,RT,MM,EURIBOR3MD_,HSTA,2019-07,-0.3648696
FM.M.U2.EUR.RT.MM.EURIBOR3MD_.HSTA,M,U2,EUR,RT,MM,EURIBOR3MD_,HSTA,2019-08,-0.4076818
FM.M.U2.EUR.RT.MM.EURIBOR3MD_.HSTA,M,U2,EUR,RT,MM,EURIBOR3MD_,HSTA,2019-09,-0.4175714
FM.M.U2.EUR.RT.MM.EURIBOR3MD_.HSTA,M,U2,EUR,RT,MM,EURIBOR3MD_,HSTA,2019-10,-0.4128696
FM.M.U2.EUR.RT.MM.EURIBOR3MD_.HSTA,M,U2,EUR,RT,MM,EURIBOR3MD_,HSTA,2019-11,-0.4012857
FM.M.U2.EUR.RT.MM.EURIBOR3MD_.HSTA,M,U2,EUR,RT,MM,EURIBOR3MD_,HSTA,2019-12,-0.3947
FM.M.U2.EUR.RT.MM.EURIBOR3MD_.HSTA,M,U2,EUR,RT,MM,EURIBOR3MD_,HSTA,2020-01,-0.3911364
FM.M.U2.EUR.RT.MM.EURIBOR3MD_.HSTA,M,U2,EUR,RT,MM,EURIBOR3MD_,HSTA,2020-02,-0.40885
FM.M.U2.EUR.RT.MM.EURIBOR3MD_.HSTA,M,U2,EUR,RT,MM,EURIBOR3MD_,HSTA,2020-03,-0.4166364
FM.M.U2.EUR.RT.MM.EURIBOR3MD_.HSTA,M,U2,EUR,RT,MM,EURIBOR3MD_,HSTA,2020-04,-0.25405
FM.M.U2.EUR.RT.MM.EURIBOR3MD_.HSTA,M,U2,EUR,RT,MM,EURIBOR3MD_,HSTA,2020-05,-0.27195
FM.M.U2.EUR.RT.MM.EURIBOR3MD_.HSTA,M,U2,EUR,RT,MM,EURIBOR3MD_,HSTA,2020-06,-0.376
FM.M.U2.EUR.RT.MM.EURIBOR3MD_.HSTA,M,U2,EUR,RT,MM,EURIBOR3MD_,HSTA,2020-07,-0.4441304
FM.M.U2.EUR.RT.MM.EURIBOR3MD_.HSTA,M,U2,EUR,RT,MM,EURIBOR3MD_,HSTA,2020-08,-0.4797143
FM.M.U2.EUR.RT.MM.EURIBOR3MD_.HSTA,M,U2,EUR,RT,MM,EURIBOR3MD_,HSTA,2020-09,-0.4913636
FM.M.U2.EUR.RT.MM.EURIBOR3MD_.HSTA,M,U2,EUR,RT,MM,EURIBOR3MD_,HSTA,2020-10,-0.5091364
FM.M.U2.EUR.RT.MM.EURIBOR3MD_.HSTA,M,U2,EUR,RT,MM,EURIBOR3MD_,HSTA,2020-11,-0.5208571
FM.M.U2.EUR.RT.MM.EURIBOR3MD_.HSTA,M,U2,EUR,RT,MM,EURIBOR3MD_,HSTA,2020-12,-0.5380909
FM.M.U2.EUR.RT.MM.EURIBOR3MD_.HSTA,M,U2,EUR,RT,MM,EURIBOR3MD_,HSTA,2021-01,-0.54715
FM.M.U2.EUR.RT.MM.EURIBOR3MD_.HSTA,M,U2,EUR,RT,MM,EURIBOR3MD_,HSTA,2021-02,-0.5411
FM.M.U2.EUR.RT.MM.EURIBOR3MD_.HSTA,M,U2,EUR,RT,MM,EURIBOR3MD_,HSTA,2021-03,-0.539087
FM.M.U2.EUR.RT.MM.EURIBOR3MD_.HSTA,M,U2,EUR,RT,MM,EURIBOR3MD_,HSTA,2021-04,-0.53815
FM.M.U2.EUR.RT.MM.EURIBOR3MD_.HSTA,M,U2,EUR,RT,MM,EURIBOR3MD_,HSTA,2021-05,-0.5400952
FM.M.U2.EUR.RT.MM.EURIBOR3MD_.HSTA,M,U2,EUR,RT,MM,EURIBOR3MD_,HSTA,2021-06,-0.5429091
FM.M.U2.EUR.RT.MM.EURIBOR3MD_.HSTA,M,U2,EUR,RT,MM,EURIBOR3MD_,HSTA,2021-07,-0.5448182
FM.M.U2.EUR.RT.MM.EURIBOR3MD_.HSTA,M,U2,EUR,RT,MM,EURIBOR3MD_,HSTA,2021-08,-0.5475909
FM.M.U2.EUR.RT.MM.EURIBOR3MD_.HSTA,M,U2,EUR,RT,MM,EURIBOR3MD_,HSTA,2021-09,-0.5450455
FM.M.U2.EUR.RT.MM.EURIBOR3MD_.HSTA,M,U2,EUR,RT,MM,EURIBOR3MD_,HSTA,2021-10,-0.5498095
FM.M.U2.EUR.RT.MM.EURIBOR3MD_.HSTA,M,U2,EUR,RT,MM,EURIBOR3MD_,HSTA,2021-11,-0.5673636
FM.M.U2.EUR.RT.MM.EURIBOR3MD_.HSTA,M,U2,EUR,RT,MM,EURIBOR3MD_,HSTA,2021-12,-0.5819565
FM.M.U2.EUR.RT.MM.EURIBOR3MD_.HSTA,M,U2,EUR,RT,MM,EURIBOR3MD_,HSTA,2022-01,-0.5601429
FM.M.U2.EUR.RT.MM.EURIBOR3MD_.HSTA,M,U2,EUR,RT,MM,EURIBOR3MD_,HSTA,2022-02,-0.5315
FM.M.U2.EUR.RT.MM.EURIBOR3MD_.HSTA,M,U2,EUR,RT,MM,EURIBOR3MD_,HSTA,2022-03,-0.4954348
FM.M.U2.EUR.RT.MM.EURIBOR3MD_.HSTA,M,U2,EUR,RT,MM,EURIBOR3MD_,HSTA,2022-04,-0.4478947
FM.M.U2.EUR.RT.MM.EURIBOR3MD_.HSTA,M,U2,EUR,RT,MM,EURIBOR3MD_,HSTA,2022-05,-0.3857273
FM.M.U2.EUR.RT.MM.EURIBOR3MD_.HSTA,M,U2,EUR,RT,MM,EURIBOR3MD_,HSTA,2022-06,-0.2392273
FM.M.U2.EUR.RT.MM.EURIBOR3MD_.HSTA,M,U2,EUR,RT,MM,EURIBOR3MD_,HSTA,2022-07,0.036619
FM.M.U2.EUR.RT.MM.EURIBOR3MD_.HSTA,M,U2,EUR,RT,MM,EURIBOR3MD_,HSTA,2022-08,0.3947391
FM.M.U2.EUR.RT.MM.EURIBOR3MD_.HSTA,M,U2,EUR,RT,MM,EURIBOR3MD_,HSTA,2022-09,1.0108636
FM.M.U2.EUR.RT.MM.EURIBOR3MD_.HSTA,M,U2,EUR,RT,MM,EURIBOR3MD_,HSTA,2022-10,1.4276667
FM.M.U2.EUR.RT.MM.EURIBOR3MD_.HSTA,M,U2,EUR,RT,MM,EURIBOR3MD_,HSTA,2022-11,1.8252273
FM.M.U2.EUR.RT.MM.EURIBOR3MD_.HSTA,M,U2,EUR,RT,MM,EURIBOR3MD_,HSTA,2022-12,2.0634762
FM.M.U2.EUR.RT.MM.EURIBOR3MD_.HSTA,M,U2,EUR,RT,MM,EURIBOR3MD_,HSTA,2023-01,2.3448636
FM.M.U2.EUR.RT.MM.EURIBOR3MD_.HSTA,M,U2,EUR,RT,MM,EURIBOR3MD_,HSTA,2023-02,2.64035
FM.M.U2.EUR.RT.MM.EURIBOR3MD_.HSTA,M,U2,EUR,RT,MM,EURIBOR3MD_,HSTA,2023-03,2.9105652
FM.M.U2.EUR.RT.MM.EURIBOR3MD_.HSTA,M,U2,EUR,RT,MM,EURIBOR3MD_,HSTA,2023-04,3.1794444
FM.M.U2.EUR.RT.MM.EURIBOR3MD_.HSTA,M,U2,EUR,RT,MM,EURIBOR3MD_,HSTA,2023-05,3.3717273
FM.M.U2.EUR.RT.MM.EURIBOR3MD_.HSTA,M,U2,EUR,RT,MM,EURIBOR3MD_,HSTA,2023-06,3.5358636
FM.M.U2.EUR.RT.MM.EURIBOR3MD_.HSTA,M,U2,EUR,RT,MM,EURIBOR3MD_,HSTA,2023-07,3.6718095
FM.M.U2.EUR.RT.MM.EURIBOR3MD_.HSTA,M,U2,EUR,RT,MM,EURIBOR3MD_,HSTA,2023-08,3.7803043
FM.M.U2.EUR.RT.MM.EURIBOR3MD_.HSTA,M,U2,EUR,RT,MM,EURIBOR3MD_,HSTA,2023-09,3.8800476
FM.M.U2.EUR.RT.MM.EURIBOR3MD_.HSTA,M,U2,EUR,RT,MM,EURIBOR3MD_,HSTA,2023-10,3.9676364
FM.M.U2.EUR.RT.MM.EURIBOR3MD_.HSTA,M,U2,EUR,RT,MM,EURIBOR3MD_,HSTA,2023-11,3.9716364
FM.M.U2.EUR.RT.MM.EURIBOR3MD_.HSTA,M,U2,EUR,RT,MM,EURIBOR3MD_,HSTA,2023-12,3.9348947
FM.M.U2.EUR.RT.MM.EURIBOR3MD_.HSTA,M,U2,EUR,RT,MM,EURIBOR3MD_,HSTA,2024-01,3.9252727
FM.M.U2.EUR.RT.MM.EURIBOR3MD_.HSTA,M,U2,EUR,RT,MM,EURIBOR3MD_,HSTA,2024-02,3.9231905
FM.M.U2.EUR.RT.MM.EURIBOR3MD_.HSTA,M,U2,EUR,RT,MM,EURIBOR3MD_,HSTA,2024-03,3.9231
FM.M.U2.EUR.RT.MM.EURIBOR3MD_.HSTA,M,U2,EUR,RT,MM,EURIBOR3MD_,HSTA,2024-04,3.8853333
FM.M.U2.EUR.RT.MM.EURIBOR3MD_.HSTA,M,U2,EUR,RT,MM,EURIBOR3MD_,HSTA,2024-05,3.8126818
FM.M.U2.EUR.RT.MM.EURIBOR3MD_.HSTA,M,U2,EUR,RT,MM,EURIBOR3MD_,HSTA,2024-06,3.7245
FM.M.U2.EUR.RT.MM.EURIBOR3MD_.HSTA,M,U2,EUR,RT,MM,EURIBOR3MD_,HSTA,2024-07,3.6848261
FM.M.U2.EUR.RT.MM.EURIBOR3MD_.HSTA,M,U2,EUR,RT,MM,EURIBOR3MD_,HSTA,2024-08,3.5475909
FM.M.U2.EUR.RT.MM.EURIBOR3MD_.HSTA,M,U2,EUR,RT,MM,EURIBOR3MD_,HSTA,2024-09,3.4337143
FM.M.U2.EUR.RT.MM.EURIBOR3MD_.HSTA,M,U2,EUR,RT,MM,EURIBOR3MD_,HSTA,2024-10,3.1666087
FM.M.U2.EUR.RT.MM.EURIBOR3MD_.HSTA,M,U2,EUR,RT,MM,EURIBOR3MD_,HSTA,2024-11,3.0067619
FM.M.U2.EUR.RT.MM.EURIBOR3MD_.HSTA,M,U2,EUR,RT,MM,EURIBOR3MD_,HSTA,2024-12,2.8246
FM.M.U2.EUR.RT.MM.EURIBOR3MD_.HSTA,M,U2,EUR,RT,MM,EURIBOR3MD_,HSTA,2025-01,2.7042727
FM.M.U2.EUR.RT.MM.EURIBOR3MD_.HSTA,M,U2,EUR,RT,MM,EURIBOR3MD_,HSTA,2025-02,2.52495
FM.M.U2.EUR.RT.MM.EURIBOR3MD_.HSTA,M,U2,EUR,RT,MM,EURIBOR3MD_,HSTA,2025-03,2.4424286
FM.M.U2.EUR.RT.MM.EURIBOR3MD_.HSTA,M,U2,EUR,RT,MM,EURIBOR3MD_,HSTA,2025-04,2.2494
FM.M.U2.EUR.RT.MM.EURIBOR3MD_.HSTA,M,U2,EUR,RT,MM,EURIBOR3MD_,HSTA,2025-05,2.0872381
FM.M.U2.EUR.RT.MM.EURIBOR3MD_.HSTA,M,U2,EUR,RT,MM,EURIBOR3MD_,HSTA,2025-06,1.983619
FM.M.U2.EUR.RT.MM.EURIBOR3MD_.HSTA,M,U2,EUR,RT,MM,EURIBOR3MD_,HSTA,2025-07,1.9863478
FM.M.U2.EUR.RT.MM.EURIBOR3MD_.HSTA,M,U2,EUR,RT,MM,EURIBOR3MD_,HSTA,2025-08,2.0210952
FM.M.U2.EUR.RT.MM.EURIBOR3MD_.HSTA,M,U2,EUR,RT,MM,EURIBOR3MD_,HSTA,2025-09,2.0272727
FM.M.U2.EUR.RT.MM.EURIBOR3MD_.HSTA,M,U2,EUR,RT,MM,EURIBOR3MD_,HSTA,2025-10,2.0344348
FM.M.U2.EUR.RT.MM.EURIBOR3MD_.HSTA,M,U2,EUR,RT,MM,EURIBOR3MD_,HSTA,2025-11,2.04165
FM.M.U2.EUR.RT.MM.EURIBOR3MD_.HSTA,M,U2,EUR,RT,MM,EURIBOR3MD_,HSTA,2025-12,2.0484286
FM.M.U2.EUR.RT.MM.EURIBOR3MD_.HSTA,M,U2,EUR,RT,MM,EURIBOR3MD_,HSTA,2026-01,2.0277273
FM.M.U2.EUR.RT.MM.EURIBOR3MD_.HSTA,M,U2,EUR,RT,MM,EURIBOR3MD_,HSTA,2026-02,2.0113
FM.M.U2.EUR.RT.MM.EURIBOR3MD_.HSTA,M,U2,EUR,RT,MM,EURIBOR3MD_,HSTA,2026-03,2.1094091
FM.M.U2.EUR.RT.MM.EURIBOR3MD_.HSTA,M,U2,EUR,RT,MM,EURIBOR3MD_,HSTA,2026-04,2.1753
FM.M.U2.EUR.RT.MM.EURIBOR3MD_.HSTA,M,U2,EUR,RT,MM,EURIBOR3MD_,HSTA,2026-05,2.2261
FM.M.U2.EUR.RT.MM.EURIBOR3MD_.HSTA,M,U2,EUR,RT,MM,EURIBOR3MD_,HSTA,2026-06,2.339
FM.M.U2.EUR.RT.MM.EURIBOR3MD_.HSTA,M,U2,EUR,RT,MM,EURIBOR3MD_,HSTA,2026-07,2.4253913
FM.M.U2.EUR.RT.MM.EURIBOR3MD_.HSTA,M,U2,EUR,RT,MM,EURIBOR3MD_,HSTA,2026-08,2.5131429
